<profile version="1.0">
  <option name="myName" value="Faw Inspection Profile" />
  <inspection_tool class="AccessStaticViaInstance" enabled="false" level="WARNING" enabled_by_default="false" />
  <inspection_tool class="AddVarianceModifier" enabled="false" level="WEAK WARNING" enabled_by_default="false" />
  <inspection_tool class="AndroidDomInspection" enabled="false" level="ERROR" enabled_by_default="false" />
  <inspection_tool class="AndroidElementNotAllowed" enabled="false" level="WARNING" enabled_by_default="false" />
  <inspection_tool class="AndroidLintAllowBackup" enabled="false" enabled_by_default="false" level="WARNING" />
  <inspection_tool class="AndroidLintAssert" enabled="false" enabled_by_default="false" level="WARNING" />
  <inspection_tool class="AndroidLintFloatMath" enabled="false" enabled_by_default="false" level="WARNING" />
  <inspection_tool class="AndroidLintFontValidationError" enabled="false" enabled_by_default="false" level="ERROR" />
  <inspection_tool class="AndroidLintFontValidationWarning" enabled="false" enabled_by_default="false" level="WARNING" />
  <inspection_tool class="AndroidLintGoogleAppIndexingWarning" enabled="false" enabled_by_default="false" level="WARNING" />
  <inspection_tool class="AndroidLintLintBaseline" enabled="false" enabled_by_default="false" level="INFO" />
  <inspection_tool class="AndroidLintOverride" enabled="false" enabled_by_default="false" level="ERROR" />
  <inspection_tool class="AndroidLintPackageManagerGetSignatures" enabled="false" enabled_by_default="false" level="WARNING" />
  <inspection_tool class="AndroidLintUsesMinSdkAttributes" enabled="false" enabled_by_default="false" level="WARNING" />
  <inspection_tool class="AndroidLintViewTag" enabled="false" enabled_by_default="false" level="WARNING" />
  <inspection_tool class="AndroidMissingOnClickHandler" enabled="false" level="WARNING" enabled_by_default="false" />
  <inspection_tool class="AndroidNonConstantResIdsInSwitch" enabled="false" level="ERROR" enabled_by_default="false" />
  <inspection_tool class="AndroidUnknownAttribute" enabled="false" level="WARNING" enabled_by_default="false" />
  <inspection_tool class="Annotator" enabled="false" level="ERROR" enabled_by_default="false" />
  <inspection_tool class="Anonymous2MethodRef" enabled="false" level="WARNING" enabled_by_default="false" />
  <inspection_tool class="AnonymousHasLambdaAlternative" enabled="false" level="WARNING" enabled_by_default="false" />
  <inspection_tool class="ApiName" enabled="false" level="ERROR" enabled_by_default="false" />
  <inspection_tool class="ApiNamespace" enabled="false" level="ERROR" enabled_by_default="false" />
  <inspection_tool class="ApiParameter" enabled="false" level="ERROR" enabled_by_default="false" />
  <inspection_tool class="ArrayCreationWithoutNewKeyword" enabled="false" level="INFORMATION" enabled_by_default="false" />
  <inspection_tool class="ArrayEquals" enabled="false" level="WARNING" enabled_by_default="false" />
  <inspection_tool class="ArrayHashCode" enabled="false" level="WARNING" enabled_by_default="false" />
  <inspection_tool class="ArrayInDataClass" enabled="false" level="WEAK WARNING" enabled_by_default="false" />
  <inspection_tool class="ArrayObjectsEquals" enabled="false" level="WARNING" enabled_by_default="false" />
  <inspection_tool class="ArraysAsListWithZeroOrOneArgument" enabled="false" level="WARNING" enabled_by_default="false" />
  <inspection_tool class="AssertEqualsBetweenInconvertibleTypes" enabled="false" enabled_by_default="false" level="WARNING" />
  <inspection_tool class="AssertEqualsBetweenInconvertibleTypesTestNG" enabled="false" enabled_by_default="false" level="WARNING" />
  <inspection_tool class="AssertWithSideEffects" enabled="false" level="WARNING" enabled_by_default="false" />
  <inspection_tool class="AssertionCanBeIf" enabled="false" level="INFORMATION" enabled_by_default="false" />
  <inspection_tool class="AtomicFieldUpdaterIssues" enabled="false" level="WARNING" enabled_by_default="false" />
  <inspection_tool class="AtomicFieldUpdaterNotStaticFinal" enabled="false" level="WARNING" enabled_by_default="false" />
  <inspection_tool class="BashAddShebang" enabled="false" enabled_by_default="false" level="WARNING" />
  <inspection_tool class="BashBuiltInVariable" enabled="false" enabled_by_default="false" level="WARNING" />
  <inspection_tool class="BashDuplicateFunction" enabled="false" enabled_by_default="false" level="WARNING" />
  <inspection_tool class="BashEvaluateArithmeticExpression" enabled="false" enabled_by_default="false" level="WARNING" />
  <inspection_tool class="BashEvaluateExpression" enabled="false" enabled_by_default="false" level="WARNING" />
  <inspection_tool class="BashFixShebang" enabled="false" enabled_by_default="false" level="WARNING">
    <shebang>/bin/bash</shebang>
    <shebang>/bin/sh</shebang>
  </inspection_tool>
  <inspection_tool class="BashFloatArithmetic" enabled="false" enabled_by_default="false" level="INFO" />
  <inspection_tool class="BashGlobalLocalVarDef" enabled="false" enabled_by_default="false" level="WEAK WARNING" />
  <inspection_tool class="BashGloballyRegisteredVariable" enabled="false" enabled_by_default="false" level="WEAK WARNING" />
  <inspection_tool class="BashInternalCommandFunctionOverride" enabled="false" enabled_by_default="false" level="WEAK WARNING" />
  <inspection_tool class="BashMissingInclude" enabled="false" enabled_by_default="false" level="WARNING" />
  <inspection_tool class="BashReadOnlyVariable" enabled="false" enabled_by_default="false" level="ERROR" />
  <inspection_tool class="BashRecursiveInclusion" enabled="false" enabled_by_default="false" level="WARNING" />
  <inspection_tool class="BashSimpleArrayUse" enabled="false" enabled_by_default="false" level="INFO" />
  <inspection_tool class="BashSimpleVarUsage" enabled="false" enabled_by_default="false" level="WEAK WARNING" />
  <inspection_tool class="BashUnknownFileDescriptor" enabled="false" enabled_by_default="false" level="WARNING" />
  <inspection_tool class="BashUnresolvedVariable" enabled="false" enabled_by_default="false" level="WARNING" />
  <inspection_tool class="BashUnusedFunction" enabled="false" enabled_by_default="false" level="WARNING" />
  <inspection_tool class="BashUnusedFunctionParams" enabled="false" enabled_by_default="false" level="WARNING" />
  <inspection_tool class="BashWrapFunction" enabled="false" enabled_by_default="false" level="WEAK WARNING" />
  <inspection_tool class="BigDecimalMethodWithoutRoundingCalled" enabled="false" level="WARNING" enabled_by_default="false" />
  <inspection_tool class="BooleanConstructor" enabled="false" level="WARNING" enabled_by_default="false" />
  <inspection_tool class="BooleanMethodIsAlwaysInverted" enabled="false" level="WARNING" enabled_by_default="false" />
  <inspection_tool class="BoxingBoxedValue" enabled="false" level="WARNING" enabled_by_default="false" />
  <inspection_tool class="CStyleArrayDeclaration" enabled="false" level="INFORMATION" enabled_by_default="false" />
  <inspection_tool class="CanBeFinal" enabled="false" level="WARNING" enabled_by_default="false">
    <option name="REPORT_CLASSES" value="false" />
    <option name="REPORT_METHODS" value="false" />
    <option name="REPORT_FIELDS" value="true" />
  </inspection_tool>
  <inspection_tool class="CanBeParameter" enabled="false" level="WARNING" enabled_by_default="false" />
  <inspection_tool class="CanBePrimaryConstructorProperty" enabled="false" level="WARNING" enabled_by_default="false" />
  <inspection_tool class="CanBeVal" enabled="false" level="WARNING" enabled_by_default="false" />
  <inspection_tool class="CascadeIf" enabled="false" level="INFO" enabled_by_default="false" />
  <inspection_tool class="CatchMayIgnoreExceptionMerged" />
  <inspection_tool class="CaughtExceptionImmediatelyRethrown" enabled="false" level="WARNING" enabled_by_default="false" />
  <inspection_tool class="ChangeToMethod" enabled="false" level="INFORMATION" enabled_by_default="false" />
  <inspection_tool class="ChangeToOperator" enabled="false" level="WEAK WARNING" enabled_by_default="false" />
  <inspection_tool class="CheckDtdRefs" enabled="false" level="ERROR" enabled_by_default="false" />
  <inspection_tool class="CheckEmptyScriptTag" enabled="false" level="WARNING" enabled_by_default="false" />
  <inspection_tool class="CheckTagEmptyBody" enabled="false" level="WARNING" enabled_by_default="false" />
  <inspection_tool class="CheckValidXmlInScriptTagBody" enabled="false" level="ERROR" enabled_by_default="false" />
  <inspection_tool class="CheckXmlFileWithXercesValidator" enabled="false" level="ERROR" enabled_by_default="false" />
  <inspection_tool class="ClashingTraitMethods" enabled="false" level="WARNING" enabled_by_default="false" />
  <inspection_tool class="ClassEscapesItsScope" enabled="false" level="WARNING" enabled_by_default="false" />
  <inspection_tool class="ClassInitializerMayBeStatic" enabled="false" level="WARNING" enabled_by_default="false" />
  <inspection_tool class="ClassMayBeInterface" enabled="false" level="INFORMATION" enabled_by_default="false" />
  <inspection_tool class="ClassName" enabled="false" level="WEAK WARNING" enabled_by_default="false" />
  <inspection_tool class="CloneDeclaresCloneNotSupported" enabled="false" level="WARNING" enabled_by_default="false" />
  <inspection_tool class="CodeBlock2Expr" enabled="false" level="WARNING" enabled_by_default="false" />
  <inspection_tool class="CollectionAddedToSelf" enabled="false" level="WARNING" enabled_by_default="false" />
  <inspection_tool class="ComparatorCombinators" enabled="false" level="WARNING" enabled_by_default="false" />
  <inspection_tool class="ComparatorMethodParameterNotUsed" enabled="false" level="WARNING" enabled_by_default="false" />
  <inspection_tool class="ConflictingExtensionProperty" enabled="false" level="WARNING" enabled_by_default="false" />
  <inspection_tool class="ConfusingElse" enabled="false" level="INFORMATION" enabled_by_default="false">
    <option name="reportWhenNoStatementFollow" value="true" />
  </inspection_tool>
  <inspection_tool class="ConstPropertyName" enabled="false" level="WEAK WARNING" enabled_by_default="false" />
  <inspection_tool class="ConstantConditionIf" enabled="false" level="WEAK WARNING" enabled_by_default="false" />
  <inspection_tool class="ConstantConditionalExpression" enabled="false" level="WARNING" enabled_by_default="false" />
  <inspection_tool class="ConstantConditions" enabled="false" enabled_by_default="false" level="WARNING">
    <option name="SUGGEST_NULLABLE_ANNOTATIONS" value="false" />
    <option name="DONT_REPORT_TRUE_ASSERT_STATEMENTS" value="false" />
  </inspection_tool>
  <inspection_tool class="ConstantIfStatement" enabled="false" enabled_by_default="false" level="WARNING" />
  <inspection_tool class="ConstantStringIntern" enabled="false" enabled_by_default="false" level="WARNING" />
  <inspection_tool class="ConstantValue" enabled="false" level="WARNING" enabled_by_default="false" />
  <inspection_tool class="Constructor" enabled="false" level="ERROR" enabled_by_default="false" />
  <inspection_tool class="ContinueOrBreakFromFinallyBlock" enabled="false" level="WARNING" enabled_by_default="false" />
  <inspection_tool class="Contract" enabled="false" level="WARNING" enabled_by_default="false" />
  <inspection_tool class="ControlFlowStatementWithoutBraces" enabled="false" level="INFORMATION" enabled_by_default="false" />
  <inspection_tool class="Convert2Diamond" enabled="false" level="WARNING" enabled_by_default="false" />
  <inspection_tool class="Convert2Lambda" enabled="false" level="WARNING" enabled_by_default="false" />
  <inspection_tool class="Convert2MethodRef" enabled="false" level="WARNING" enabled_by_default="false" />
  <inspection_tool class="Convert2streamapi" enabled="false" level="INFORMATION" enabled_by_default="false" />
  <inspection_tool class="ConvertLambdaToReference" enabled="false" level="INFORMATION" enabled_by_default="false" />
  <inspection_tool class="ConvertReferenceToLambda" enabled="false" level="INFORMATION" enabled_by_default="false" />
  <inspection_tool class="ConvertSecondaryConstructorToPrimary" enabled="false" level="WARNING" enabled_by_default="false" />
  <inspection_tool class="ConvertToStringTemplate" enabled="false" level="INFO" enabled_by_default="false" />
  <inspection_tool class="ConvertTryFinallyToUseCall" enabled="false" level="WEAK WARNING" enabled_by_default="false" />
  <inspection_tool class="ConvertTwoComparisonsToRangeCheck" enabled="false" level="INFO" enabled_by_default="false" />
  <inspection_tool class="CopyWithoutNamedArguments" enabled="false" level="WEAK WARNING" enabled_by_default="false" />
  <inspection_tool class="DanglingJavadoc" enabled="false" level="WARNING" enabled_by_default="false" />
  <inspection_tool class="DataClassPrivateConstructor" enabled="false" level="WARNING" enabled_by_default="false" />
  <inspection_tool class="DataProviderReturnType" enabled="false" level="ERROR" enabled_by_default="false" />
  <inspection_tool class="DefaultAnnotationParam" enabled="false" level="WARNING" enabled_by_default="false" />
  <inspection_tool class="DefaultFileTemplate" enabled="false" enabled_by_default="false" level="WARNING">
    <option name="CHECK_FILE_HEADER" value="true" />
    <option name="CHECK_TRY_CATCH_SECTION" value="true" />
    <option name="CHECK_METHOD_BODY" value="true" />
  </inspection_tool>
  <inspection_tool class="DelegatesTo" enabled="false" level="WARNING" enabled_by_default="false" />
  <inspection_tool class="Dependency" enabled="false" level="ERROR" enabled_by_default="false" />
  <inspection_tool class="DeprecatedAPI" enabled="false" enabled_by_default="false" level="WARNING" />
  <inspection_tool class="DeprecatedCallableAddReplaceWith" enabled="false" level="INFO" enabled_by_default="false" />
  <inspection_tool class="DeprecatedClassUsageInspection" enabled="false" level="WARNING" enabled_by_default="false" />
  <inspection_tool class="DeprecatedIsStillUsed" enabled="false" level="WARNING" enabled_by_default="false" />
  <inspection_tool class="Deprecation" enabled="false" level="WARNING" enabled_by_default="false" />
  <inspection_tool class="DestructuringWrongName" enabled="false" level="WARNING" enabled_by_default="false" />
  <inspection_tool class="DialogTitleCapitalization" enabled="false" level="WARNING" enabled_by_default="false" />
  <inspection_tool class="DiamondCanBeReplacedWithExplicitTypeArguments" enabled="false" level="INFORMATION" enabled_by_default="false" />
  <inspection_tool class="DifferentKotlinGradleVersion" enabled="false" level="WARNING" enabled_by_default="false" />
  <inspection_tool class="DifferentStdlibGradleVersion" enabled="false" level="WARNING" enabled_by_default="false" />
  <inspection_tool class="DoubleNegation" enabled="false" level="WARNING" enabled_by_default="false" />
  <inspection_tool class="DuplicateAlternationBranch" enabled="false" enabled_by_default="false" level="WARNING" />
  <inspection_tool class="DuplicateSwitchCase" enabled="false" level="WARNING" enabled_by_default="false" />
  <inspection_tool class="DuplicateThrows" enabled="false" level="WARNING" enabled_by_default="false" />
  <inspection_tool class="DuplicatedDataProviderNames" enabled="false" level="ERROR" enabled_by_default="false" />
  <inspection_tool class="EmptyCatchBlock" enabled="false" enabled_by_default="false" level="WARNING">
    <option name="m_includeComments" value="true" />
    <option name="m_ignoreTestCases" value="true" />
    <option name="m_ignoreIgnoreParameter" value="true" />
  </inspection_tool>
  <inspection_tool class="EmptyFinallyBlock" enabled="false" level="WARNING" enabled_by_default="false" />
  <inspection_tool class="EmptyMethod" enabled="false" level="WARNING" enabled_by_default="false" />
  <inspection_tool class="EmptyRange" enabled="false" level="WARNING" enabled_by_default="false" />
  <inspection_tool class="EmptyStatementBody" enabled="false" level="WARNING" enabled_by_default="false">
    <option name="m_reportEmptyBlocks" value="true" />
  </inspection_tool>
  <inspection_tool class="EmptyTryBlock" enabled="false" level="WARNING" enabled_by_default="false" />
  <inspection_tool class="EndlessLoop" enabled="false" level="WARNING" enabled_by_default="false" />
  <inspection_tool class="EnumEntryName" enabled="false" level="WEAK WARNING" enabled_by_default="false" />
  <inspection_tool class="EqualityInConditionalOperator" enabled="false" level="WARNING" enabled_by_default="false" />
  <inspection_tool class="EqualityOperatorComparesObjects" enabled="false" enabled_by_default="false" level="INFORMATION" />
  <inspection_tool class="EqualsBetweenInconvertibleTypes" enabled="false" level="WARNING" enabled_by_default="false" />
  <inspection_tool class="EqualsOrHashCode" enabled="false" level="WARNING" enabled_by_default="false" />
  <inspection_tool class="EqualsReplaceableByObjectsCall" enabled="false" level="INFORMATION" enabled_by_default="false" />
  <inspection_tool class="EqualsWhichDoesntCheckParameterClass" enabled="false" level="WARNING" enabled_by_default="false" />
  <inspection_tool class="EqualsWithItself" enabled="false" level="WARNING" enabled_by_default="false" />
  <inspection_tool class="ExcessiveLambdaUsage" enabled="false" level="WARNING" enabled_by_default="false" />
  <inspection_tool class="ExtendsAnnotation" enabled="false" level="WARNING" enabled_by_default="false" />
  <inspection_tool class="ExtendsObject" enabled="false" level="WARNING" enabled_by_default="false" />
  <inspection_tool class="ExternalizableWithoutPublicNoArgConstructor" enabled="false" level="WARNING" enabled_by_default="false" />
  <inspection_tool class="FieldCanBeLocal" enabled="false" level="WARNING" enabled_by_default="false" />
  <inspection_tool class="FinalPrivateMethod" enabled="false" level="WARNING" enabled_by_default="false" />
  <inspection_tool class="FinalStaticMethod" enabled="false" level="WARNING" enabled_by_default="false" />
  <inspection_tool class="FinallyBlockCannotCompleteNormally" enabled="false" level="WARNING" enabled_by_default="false" />
  <inspection_tool class="FoldInitializerAndIfToElvis" enabled="false" level="INFO" enabled_by_default="false" />
  <inspection_tool class="ForCanBeForeach" enabled="false" level="WARNING" enabled_by_default="false">
    <option name="REPORT_INDEXED_LOOP" value="false" />
    <option name="ignoreUntypedCollections" value="false" />
  </inspection_tool>
  <inspection_tool class="FormatSpecifiers" enabled="false" level="WARNING" enabled_by_default="false" />
  <inspection_tool class="FullJavaName" enabled="false" level="ERROR" enabled_by_default="false" />
  <inspection_tool class="FullMethodName" enabled="false" level="ERROR" enabled_by_default="false" />
  <inspection_tool class="FunctionImplicitDeclarationInspection" enabled="false" enabled_by_default="false" level="WARNING" />
  <inspection_tool class="FunctionName" enabled="false" level="WEAK WARNING" enabled_by_default="false" />
  <inspection_tool class="GrDeprecatedAPIUsage" enabled="false" level="WARNING" enabled_by_default="false" />
  <inspection_tool class="GrEqualsBetweenInconvertibleTypes" enabled="false" level="WARNING" enabled_by_default="false" />
  <inspection_tool class="GrFinalVariableAccess" enabled="false" level="WARNING" enabled_by_default="false" />
  <inspection_tool class="GrMethodMayBeStatic" enabled="false" level="WARNING" enabled_by_default="false" />
  <inspection_tool class="GrPackage" enabled="false" level="WARNING" enabled_by_default="false" />
  <inspection_tool class="GrReassignedInClosureLocalVar" enabled="false" level="WARNING" enabled_by_default="false" />
  <inspection_tool class="GrUnnecessaryDefModifier" enabled="false" level="WARNING" enabled_by_default="false" />
  <inspection_tool class="GrUnnecessaryPublicModifier" enabled="false" level="WARNING" enabled_by_default="false" />
  <inspection_tool class="GrUnnecessarySemicolon" enabled="false" level="WARNING" enabled_by_default="false" />
  <inspection_tool class="GroovyAccessToStaticFieldLockedOnInstance" enabled="false" level="WARNING" enabled_by_default="false" />
  <inspection_tool class="GroovyAccessibility" enabled="false" level="WARNING" enabled_by_default="false" />
  <inspection_tool class="GroovyConditionalWithIdenticalBranches" enabled="false" level="WARNING" enabled_by_default="false" />
  <inspection_tool class="GroovyConstantConditional" enabled="false" level="WARNING" enabled_by_default="false" />
  <inspection_tool class="GroovyConstantIfStatement" enabled="false" level="WARNING" enabled_by_default="false" />
  <inspection_tool class="GroovyConstructorNamedArguments" enabled="false" level="WARNING" enabled_by_default="false" />
  <inspection_tool class="GroovyDivideByZero" enabled="false" level="WARNING" enabled_by_default="false" />
  <inspection_tool class="GroovyDocCheck" enabled="false" level="ERROR" enabled_by_default="false" />
  <inspection_tool class="GroovyDoubleNegation" enabled="false" level="WARNING" enabled_by_default="false" />
  <inspection_tool class="GroovyDuplicateSwitchBranch" enabled="false" level="WARNING" enabled_by_default="false" />
  <inspection_tool class="GroovyEmptyStatementBody" enabled="false" level="WARNING" enabled_by_default="false" />
  <inspection_tool class="GroovyFallthrough" enabled="false" level="WARNING" enabled_by_default="false" />
  <inspection_tool class="GroovyGStringKey" enabled="false" level="WARNING" enabled_by_default="false" />
  <inspection_tool class="GroovyIfStatementWithIdenticalBranches" enabled="false" level="WARNING" enabled_by_default="false" />
  <inspection_tool class="GroovyInArgumentCheck" enabled="false" level="WARNING" enabled_by_default="false" />
  <inspection_tool class="GroovyInfiniteLoopStatement" enabled="false" level="WARNING" enabled_by_default="false" />
  <inspection_tool class="GroovyInfiniteRecursion" enabled="false" level="WARNING" enabled_by_default="false" />
  <inspection_tool class="GroovyLabeledStatement" enabled="false" level="WARNING" enabled_by_default="false" />
  <inspection_tool class="GroovyMissingReturnStatement" enabled="false" level="WARNING" enabled_by_default="false" />
  <inspection_tool class="GroovyPointlessBoolean" enabled="false" level="WARNING" enabled_by_default="false" />
  <inspection_tool class="GroovyResultOfObjectAllocationIgnored" enabled="false" level="WARNING" enabled_by_default="false" />
  <inspection_tool class="GroovySillyAssignment" enabled="false" level="WARNING" enabled_by_default="false" />
  <inspection_tool class="GroovySynchronizationOnNonFinalField" enabled="false" level="WARNING" enabled_by_default="false" />
  <inspection_tool class="GroovySynchronizationOnVariableInitializedWithLiteral" enabled="false" level="WARNING" enabled_by_default="false" />
  <inspection_tool class="GroovyTrivialConditional" enabled="false" level="WARNING" enabled_by_default="false" />
  <inspection_tool class="GroovyTrivialIf" enabled="false" level="WARNING" enabled_by_default="false" />
  <inspection_tool class="GroovyUncheckedAssignmentOfMemberOfRawType" enabled="false" level="WARNING" enabled_by_default="false" />
  <inspection_tool class="GroovyUnnecessaryContinue" enabled="false" level="WARNING" enabled_by_default="false" />
  <inspection_tool class="GroovyUnnecessaryReturn" enabled="false" level="WARNING" enabled_by_default="false" />
  <inspection_tool class="GroovyUnreachableStatement" enabled="false" level="WARNING" enabled_by_default="false" />
  <inspection_tool class="GroovyUnsynchronizedMethodOverridesSynchronizedMethod" enabled="false" level="WARNING" enabled_by_default="false" />
  <inspection_tool class="GroovyUnusedAssignment" enabled="false" level="WARNING" enabled_by_default="false" />
  <inspection_tool class="GroovyUnusedCatchParameter" enabled="false" level="WARNING" enabled_by_default="false" />
  <inspection_tool class="GroovyUnusedDeclaration" enabled="false" level="WARNING" enabled_by_default="false" />
  <inspection_tool class="GroovyUnusedIncOrDec" enabled="false" level="WARNING" enabled_by_default="false" />
  <inspection_tool class="GroovyVariableNotAssigned" enabled="false" level="WARNING" enabled_by_default="false" />
  <inspection_tool class="Guava" enabled="false" level="WARNING" enabled_by_default="false" />
  <inspection_tool class="HasPlatformType" enabled="false" level="WEAK WARNING" enabled_by_default="false" />
  <inspection_tool class="HidesUpperScope" enabled="false" level="WARNING" enabled_by_default="false" />
  <inspection_tool class="HidingNonVirtualFunction" enabled="false" level="WARNING" enabled_by_default="false" />
  <inspection_tool class="HtmlExtraClosingTag" enabled="false" level="WARNING" enabled_by_default="false" />
  <inspection_tool class="HtmlUnknownAnchorTarget" enabled="false" level="WARNING" enabled_by_default="false" />
  <inspection_tool class="HtmlUnknownAttribute" enabled="false" level="WARNING" enabled_by_default="false">
    <option name="myValues">
      <value>
        <list size="0" />
      </value>
    </option>
    <option name="myCustomValuesEnabled" value="true" />
  </inspection_tool>
  <inspection_tool class="HtmlUnknownBooleanAttribute" enabled="false" level="WARNING" enabled_by_default="false" />
  <inspection_tool class="HtmlUnknownTag" enabled="false" level="WARNING" enabled_by_default="false">
    <option name="myValues">
      <value>
        <list size="6">
          <item index="0" class="java.lang.String" itemvalue="nobr" />
          <item index="1" class="java.lang.String" itemvalue="noembed" />
          <item index="2" class="java.lang.String" itemvalue="comment" />
          <item index="3" class="java.lang.String" itemvalue="noscript" />
          <item index="4" class="java.lang.String" itemvalue="embed" />
          <item index="5" class="java.lang.String" itemvalue="script" />
        </list>
      </value>
    </option>
    <option name="myCustomValuesEnabled" value="true" />
  </inspection_tool>
  <inspection_tool class="HtmlUnknownTarget" enabled="false" level="WARNING" enabled_by_default="false" />
  <inspection_tool class="IfCanBeAssertion" enabled="false" level="INFORMATION" enabled_by_default="false" />
  <inspection_tool class="IfCanBeSwitch" enabled="false" level="WARNING" enabled_by_default="false">
    <option name="minimumBranches" value="3" />
    <option name="suggestIntSwitches" value="false" />
    <option name="suggestEnumSwitches" value="false" />
  </inspection_tool>
  <inspection_tool class="IfThenToElvis" enabled="false" level="INFO" enabled_by_default="false" />
  <inspection_tool class="IfThenToSafeAccess" enabled="false" level="INFO" enabled_by_default="false" />
  <inspection_tool class="IgnoreResultOfCall" enabled="false" level="WARNING" enabled_by_default="false">
    <option name="m_reportAllNonLibraryCalls" value="false" />
    <option name="callCheckString" value="java.io.File,.*,java.io.InputStream,read|skip|available|markSupported,java.io.Reader,read|skip|ready|markSupported,java.lang.Boolean,.*,java.lang.Byte,.*,java.lang.Character,.*,java.lang.Double,.*,java.lang.Float,.*,java.lang.Integer,.*,java.lang.Long,.*,java.lang.Math,.*,java.lang.Object,equals|hashCode|toString,java.lang.Short,.*,java.lang.StrictMath,.*,java.lang.String,.*,java.math.BigInteger,.*,java.math.BigDecimal,.*,java.net.InetAddress,.*,java.net.URI,.*,java.util.UUID,.*,java.util.regex.Matcher,pattern|toMatchResult|start|end|group|groupCount|matches|find|lookingAt|quoteReplacement|replaceAll|replaceFirst|regionStart|regionEnd|hasTransparantBounds|hasAnchoringBounds|hitEnd|requireEnd,java.util.regex.Pattern,.*,java.util.stream.BaseStream,.*" />
  </inspection_tool>
  <inspection_tool class="IllegalIdentifier" enabled="false" level="ERROR" enabled_by_default="false" />
  <inspection_tool class="ImplicitArrayToString" enabled="false" level="WARNING" enabled_by_default="false" />
  <inspection_tool class="ImplicitIntegerAndEnumConversion" enabled="false" level="WARNING" enabled_by_default="false" />
  <inspection_tool class="ImplicitPointerAndIntegerConversion" enabled="false" level="WARNING" enabled_by_default="false" />
  <inspection_tool class="IncompatibleEnums" enabled="false" level="WARNING" enabled_by_default="false" />
  <inspection_tool class="IncompatibleInitializers" enabled="false" level="WARNING" enabled_by_default="false" />
  <inspection_tool class="IncompatibleMask" enabled="false" level="WARNING" enabled_by_default="false" />
  <inspection_tool class="IncompatiblePointers" enabled="false" level="WARNING" enabled_by_default="false" />
  <inspection_tool class="IncompleteProperty" enabled="false" enabled_by_default="false" level="ERROR" />
  <inspection_tool class="InconsistentResourceBundle" enabled="false" level="ERROR" enabled_by_default="false" />
  <inspection_tool class="IndexOfReplaceableByContains" enabled="false" level="WARNING" enabled_by_default="false" />
  <inspection_tool class="InfiniteLoopStatement" enabled="false" level="WARNING" enabled_by_default="false" />
  <inspection_tool class="InjectedReferences" enabled="false" level="ERROR" enabled_by_default="false" />
  <inspection_tool class="InjectionNotApplicable" enabled="false" level="ERROR" enabled_by_default="false" />
  <inspection_tool class="InstantiatingObjectToGetClassObject" enabled="false" level="WARNING" enabled_by_default="false" />
  <inspection_tool class="InterfaceMethodClashesWithObject" enabled="false" level="WARNING" enabled_by_default="false" />
  <inspection_tool class="IntroduceWhenSubject" enabled="false" level="WEAK WARNING" enabled_by_default="false" />
  <inspection_tool class="InvalidComparatorMethodReference" enabled="false" level="WARNING" enabled_by_default="false" />
  <inspection_tool class="InvalidParameterAnnotations" enabled="false" level="ERROR" enabled_by_default="false" />
  <inspection_tool class="JUnit4AnnotatedMethodInJUnit3TestCase" enabled="false" level="WARNING" enabled_by_default="false" />
  <inspection_tool class="Java8ArraySetAll" enabled="false" enabled_by_default="false" level="INFORMATION" />
  <inspection_tool class="Java8CollectionRemoveIf" enabled="false" level="WARNING" enabled_by_default="false" />
  <inspection_tool class="Java8ListSort" enabled="false" level="WARNING" enabled_by_default="false" />
  <inspection_tool class="Java8MapApi" enabled="false" level="WARNING" enabled_by_default="false" />
  <inspection_tool class="Java8MapForEach" enabled="false" level="WARNING" enabled_by_default="false" />
  <inspection_tool class="Java9RedundantRequiresStatement" enabled="false" level="WARNING" enabled_by_default="false" />
  <inspection_tool class="JavaDoc" enabled="false" enabled_by_default="false" level="WARNING">
    <option name="TOP_LEVEL_CLASS_OPTIONS">
      <value>
        <option name="ACCESS_JAVADOC_REQUIRED_FOR" value="none" />
        <option name="REQUIRED_TAGS" value="" />
      </value>
    </option>
    <option name="INNER_CLASS_OPTIONS">
      <value>
        <option name="ACCESS_JAVADOC_REQUIRED_FOR" value="none" />
        <option name="REQUIRED_TAGS" value="" />
      </value>
    </option>
    <option name="METHOD_OPTIONS">
      <value>
        <option name="ACCESS_JAVADOC_REQUIRED_FOR" value="none" />
        <option name="REQUIRED_TAGS" value="@return@param@throws or @exception" />
      </value>
    </option>
    <option name="FIELD_OPTIONS">
      <value>
        <option name="ACCESS_JAVADOC_REQUIRED_FOR" value="none" />
        <option name="REQUIRED_TAGS" value="" />
      </value>
    </option>
    <option name="IGNORE_DEPRECATED" value="false" />
    <option name="IGNORE_JAVADOC_PERIOD" value="true" />
    <option name="IGNORE_DUPLICATED_THROWS" value="false" />
    <option name="IGNORE_POINT_TO_ITSELF" value="false" />
    <option name="myAdditionalJavadocTags" value="" />
  </inspection_tool>
  <inspection_tool class="JavacQuirks" enabled="false" level="WARNING" enabled_by_default="false" />
  <inspection_tool class="JavadocDeclaration" enabled="false" level="WARNING" enabled_by_default="false" />
  <inspection_tool class="JavadocReference" enabled="false" level="ERROR" enabled_by_default="false" />
  <inspection_tool class="JniMissingFunction" enabled="false" enabled_by_default="false" level="ERROR" />
  <inspection_tool class="JoinDeclarationAndAssignment" enabled="false" level="WEAK WARNING" enabled_by_default="false" />
  <inspection_tool class="JsonDuplicatePropertyKeys" enabled="false" level="WARNING" enabled_by_default="false" />
  <inspection_tool class="JsonStandardCompliance" enabled="false" level="ERROR" enabled_by_default="false" />
  <inspection_tool class="KDocUnresolvedReference" enabled="false" level="WARNING" enabled_by_default="false" />
  <inspection_tool class="KRUnspecifiedParameters" enabled="false" level="WARNING" enabled_by_default="false" />
  <inspection_tool class="KotlinDeprecation" enabled="false" level="WARNING" enabled_by_default="false" />
  <inspection_tool class="KotlinDoubleNegation" enabled="false" level="WEAK WARNING" enabled_by_default="false" />
  <inspection_tool class="KotlinInternalInJava" enabled="false" level="ERROR" enabled_by_default="false" />
  <inspection_tool class="KotlinInvalidBundleOrProperty" enabled="false" level="ERROR" enabled_by_default="false" />
  <inspection_tool class="KotlinRedundantOverride" enabled="false" level="WEAK WARNING" enabled_by_default="false" />
  <inspection_tool class="KotlinUnusedImport" enabled="false" level="WARNING" enabled_by_default="false" />
  <inspection_tool class="LambdaBodyCanBeCodeBlock" enabled="false" level="INFORMATION" enabled_by_default="false" />
  <inspection_tool class="LambdaCanBeMethodCall" enabled="false" level="INFORMATION" enabled_by_default="false" />
  <inspection_tool class="LambdaCanBeReplacedWithAnonymous" enabled="false" level="INFORMATION" enabled_by_default="false" />
  <inspection_tool class="LambdaParameterTypeCanBeSpecified" enabled="false" level="INFORMATION" enabled_by_default="false" />
  <inspection_tool class="LanguageMismatch" enabled="false" level="WARNING" enabled_by_default="false">
    <option name="CHECK_NON_ANNOTATED_REFERENCES" value="true" />
  </inspection_tool>
  <inspection_tool class="LeakingThis" enabled="false" level="WARNING" enabled_by_default="false" />
  <inspection_tool class="LiftReturnOrAssignment" enabled="false" level="INFO" enabled_by_default="false" />
  <inspection_tool class="LocalValueEscapesScope" enabled="false" level="WARNING" enabled_by_default="false" />
  <inspection_tool class="LocalVariableName" enabled="false" level="WEAK WARNING" enabled_by_default="false" />
  <inspection_tool class="LongLiteralsEndingWithLowercaseL" enabled="false" level="WARNING" enabled_by_default="false" />
  <inspection_tool class="LoopStatementsThatDontLoop" enabled="false" level="WARNING" enabled_by_default="false" />
  <inspection_tool class="LoopToCallChain" enabled="false" level="INFO" enabled_by_default="false" />
  <inspection_tool class="LossyEncoding" enabled="false" level="WARNING" enabled_by_default="false" />
  <inspection_tool class="MagicConstant" enabled="false" level="WARNING" enabled_by_default="false" />
  <inspection_tool class="MalformedFormatString" enabled="false" level="WARNING" enabled_by_default="false" />
  <inspection_tool class="MalformedRegex" enabled="false" enabled_by_default="false" level="WARNING" />
  <inspection_tool class="MalformedXPath" enabled="false" enabled_by_default="false" level="WARNING" />
  <inspection_tool class="ManualArrayCopy" enabled="false" level="WARNING" enabled_by_default="false" />
  <inspection_tool class="ManualArrayToCollectionCopy" enabled="false" level="WARNING" enabled_by_default="false" />
  <inspection_tool class="MathRandomCastToInt" enabled="false" level="WARNING" enabled_by_default="false" />
  <inspection_tool class="MemberVisibilityCanPrivate" enabled="false" enabled_by_default="false" level="INFO" />
  <inspection_tool class="MethodCanBeVariableArityMethod" enabled="false" level="INFORMATION" enabled_by_default="false" />
  <inspection_tool class="MethodName" enabled="false" level="ERROR" enabled_by_default="false" />
  <inspection_tool class="MethodNameSameAsClassName" enabled="false" level="WARNING" enabled_by_default="false" />
  <inspection_tool class="MethodParameterType" enabled="false" level="ERROR" enabled_by_default="false" />
  <inspection_tool class="MethodRefCanBeReplacedWithLambda" enabled="false" level="INFORMATION" enabled_by_default="false" />
  <inspection_tool class="MethodReturnType" enabled="false" level="ERROR" enabled_by_default="false" />
  <inspection_tool class="MismatchedArrayReadWrite" enabled="false" level="WARNING" enabled_by_default="false" />
  <inspection_tool class="MismatchedCollectionQueryUpdate" enabled="false" level="WARNING" enabled_by_default="false">
    <option name="queryNames">
      <value />
    </option>
    <option name="updateNames">
      <value />
    </option>
    <option name="ignoredClasses">
      <value />
    </option>
  </inspection_tool>
  <inspection_tool class="MismatchedStringBuilderQueryUpdate" enabled="false" level="WARNING" enabled_by_default="false" />
  <inspection_tool class="MissingFinalNewline" enabled="false" level="ERROR" enabled_by_default="false" />
  <inspection_tool class="MissingJavadoc" enabled="false" level="WARNING" enabled_by_default="false">
    <option name="PACKAGE_SETTINGS">
      <Options>
        <option name="ENABLED" value="false" />
      </Options>
    </option>
    <option name="MODULE_SETTINGS">
      <Options>
        <option name="ENABLED" value="false" />
      </Options>
    </option>
    <option name="TOP_LEVEL_CLASS_SETTINGS">
      <Options>
        <option name="ENABLED" value="false" />
      </Options>
    </option>
    <option name="INNER_CLASS_SETTINGS">
      <Options>
        <option name="ENABLED" value="false" />
      </Options>
    </option>
    <option name="METHOD_SETTINGS">
      <Options>
        <option name="REQUIRED_TAGS" value="@return@param@throws or @exception" />
        <option name="ENABLED" value="false" />
      </Options>
    </option>
    <option name="FIELD_SETTINGS">
      <Options>
        <option name="ENABLED" value="false" />
      </Options>
    </option>
  </inspection_tool>
  <inspection_tool class="MissingOverrideAnnotation" enabled="false" level="INFORMATION" enabled_by_default="false">
    <option name="ignoreObjectMethods" value="true" />
    <option name="ignoreAnonymousClassMethods" value="false" />
  </inspection_tool>
  <inspection_tool class="MissingReturn" enabled="false" level="WARNING" enabled_by_default="false" />
  <inspection_tool class="MissingSwitchCase" enabled="false" level="WARNING" enabled_by_default="false" />
  <inspection_tool class="MisspelledHeader" enabled="false" level="WEAK WARNING" enabled_by_default="false" />
  <inspection_tool class="MoveSuspiciousCallableReferenceIntoParentheses" enabled="false" enabled_by_default="false" level="WEAK WARNING" />
  <inspection_tool class="MultiCatchCanBeSplit" enabled="false" level="INFORMATION" enabled_by_default="false" />
  <inspection_tool class="MultipleRepositoryUrls" enabled="false" level="WARNING" enabled_by_default="false" />
  <inspection_tool class="NamedResource" enabled="false" level="ERROR" enabled_by_default="false" />
  <inspection_tool class="NewInstanceOfSingleton" enabled="false" level="WARNING" enabled_by_default="false" />
  <inspection_tool class="NewStringBufferWithCharArgument" enabled="false" level="WARNING" enabled_by_default="false" />
  <inspection_tool class="NoExplicitFinalizeCalls" enabled="false" level="WARNING" enabled_by_default="false" />
  <inspection_tool class="NotImplementedFunctions" enabled="false" level="WARNING" enabled_by_default="false" />
  <inspection_tool class="NotInitializedVariable" enabled="false" level="WARNING" enabled_by_default="false" />
  <inspection_tool class="NotSuperclass" enabled="false" level="WARNING" enabled_by_default="false" />
  <inspection_tool class="NullArgumentToVariableArgMethod" enabled="false" level="WARNING" enabled_by_default="false" />
  <inspection_tool class="NullChecksToSafeCall" enabled="false" level="WEAK WARNING" enabled_by_default="false" />
  <inspection_tool class="NullableBooleanElvis" enabled="false" level="INFO" enabled_by_default="false" />
  <inspection_tool class="NullableProblems" enabled="false" level="WARNING" enabled_by_default="false">
    <option name="REPORT_NULLABLE_METHOD_OVERRIDES_NOTNULL" value="true" />
    <option name="REPORT_NOT_ANNOTATED_METHOD_OVERRIDES_NOTNULL" value="true" />
    <option name="REPORT_NOTNULL_PARAMETER_OVERRIDES_NULLABLE" value="true" />
    <option name="REPORT_NOT_ANNOTATED_PARAMETER_OVERRIDES_NOTNULL" value="true" />
    <option name="REPORT_NOT_ANNOTATED_GETTER" value="true" />
    <option name="REPORT_NOT_ANNOTATED_SETTER_PARAMETER" value="true" />
    <option name="REPORT_ANNOTATION_NOT_PROPAGATED_TO_OVERRIDERS" value="true" />
    <option name="REPORT_NULLS_PASSED_TO_NON_ANNOTATED_METHOD" value="true" />
  </inspection_tool>
  <inspection_tool class="NumberEquality" enabled="false" level="WARNING" enabled_by_default="false" />
  <inspection_tool class="NumericOverflow" enabled="false" level="WARNING" enabled_by_default="false" />
  <inspection_tool class="OCDFAInspection" enabled="false" enabled_by_default="false" level="WARNING" />
  <inspection_tool class="OCGlobalUnused" enabled="false" enabled_by_default="false" level="WARNING" />
  <inspection_tool class="OCLoopDoesntUseConditionVariableInspection" enabled="false" enabled_by_default="false" level="WARNING" />
  <inspection_tool class="OCSimplifyInspection" enabled="false" enabled_by_default="false" level="WARNING" />
  <inspection_tool class="OCUnusedGlobalDeclarationInspection" enabled="false" enabled_by_default="false" level="WARNING" />
  <inspection_tool class="OCUnusedMacroInspection" enabled="false" enabled_by_default="false" level="WARNING" />
  <inspection_tool class="OCUnusedStructInspection" enabled="false" enabled_by_default="false" level="WARNING" />
  <inspection_tool class="OCUnusedTemplateParameterInspection" enabled="false" enabled_by_default="false" level="WARNING" />
  <inspection_tool class="ObjectEqualsNull" enabled="false" enabled_by_default="false" level="WARNING" />
  <inspection_tool class="ObjectLiteralToLambda" enabled="false" level="INFO" enabled_by_default="false" />
  <inspection_tool class="ObjectPropertyName" enabled="false" level="WEAK WARNING" enabled_by_default="false" />
  <inspection_tool class="OctalLiteral" enabled="false" level="WARNING" enabled_by_default="false" />
  <inspection_tool class="OptionalIsPresent" enabled="false" level="WARNING" enabled_by_default="false" />
  <inspection_tool class="OptionalUsedAsFieldOrParameterType" enabled="false" level="WARNING" enabled_by_default="false" />
  <inspection_tool class="OverridingDeprecatedMember" enabled="false" enabled_by_default="false" level="WARNING" />
  <inspection_tool class="PackageDirectoryMismatch" enabled="false" level="WARNING" enabled_by_default="false" />
  <inspection_tool class="PackageName" enabled="false" level="WEAK WARNING" enabled_by_default="false" />
  <inspection_tool class="ParameterCanBeLocal" enabled="false" level="WARNING" enabled_by_default="false" />
  <inspection_tool class="PatternNotApplicable" enabled="false" level="ERROR" enabled_by_default="false" />
  <inspection_tool class="PatternOverriddenByNonAnnotatedMethod" enabled="false" level="WARNING" enabled_by_default="false" />
  <inspection_tool class="PatternValidation" enabled="false" level="WARNING" enabled_by_default="false">
    <option name="CHECK_NON_CONSTANT_VALUES" value="true" />
  </inspection_tool>
  <inspection_tool class="PointlessArithmeticExpression" enabled="false" level="WARNING" enabled_by_default="false">
    <option name="m_ignoreExpressionsContainingConstants" value="true" />
  </inspection_tool>
  <inspection_tool class="PointlessBitwiseExpression" enabled="false" level="WARNING" enabled_by_default="false">
    <option name="m_ignoreExpressionsContainingConstants" value="false" />
  </inspection_tool>
  <inspection_tool class="PointlessBooleanExpression" enabled="false" level="WARNING" enabled_by_default="false">
    <option name="m_ignoreExpressionsContainingConstants" value="true" />
  </inspection_tool>
  <inspection_tool class="PrimitiveArrayArgumentToVariableArgMethod" enabled="false" level="WARNING" enabled_by_default="false" />
  <inspection_tool class="PrivatePropertyName" enabled="false" level="WEAK WARNING" enabled_by_default="false" />
  <inspection_tool class="PropertyName" enabled="false" level="WEAK WARNING" enabled_by_default="false" />
  <inspection_tool class="ProtectedInFinal" enabled="false" level="WEAK WARNING" enabled_by_default="false" />
  <inspection_tool class="RawTypeCanBeGeneric" enabled="false" enabled_by_default="false" level="INFORMATION" />
  <inspection_tool class="RecursivePropertyAccessor" enabled="false" level="WARNING" enabled_by_default="false" />
  <inspection_tool class="RedundantArrayCreation" enabled="false" level="WARNING" enabled_by_default="false" />
  <inspection_tool class="RedundantExplicitType" enabled="false" level="WARNING" enabled_by_default="false" />
  <inspection_tool class="RedundantGetter" enabled="false" level="WEAK WARNING" enabled_by_default="false" />
  <inspection_tool class="RedundantIf" enabled="false" level="WEAK WARNING" enabled_by_default="false" />
  <inspection_tool class="RedundantLambdaArrow" enabled="false" level="WEAK WARNING" enabled_by_default="false" />
  <inspection_tool class="RedundantLambdaParameterType" enabled="false" level="INFORMATION" enabled_by_default="false" />
  <inspection_tool class="RedundantModalityModifier" enabled="false" level="WARNING" enabled_by_default="false" />
  <inspection_tool class="RedundantSamConstructor" enabled="false" level="WARNING" enabled_by_default="false" />
  <inspection_tool class="RedundantSemicolon" enabled="false" level="WARNING" enabled_by_default="false" />
  <inspection_tool class="RedundantSetter" enabled="false" level="WEAK WARNING" enabled_by_default="false" />
  <inspection_tool class="RedundantStreamOptionalCall" enabled="false" level="WARNING" enabled_by_default="false" />
  <inspection_tool class="RedundantStringFormatCall" enabled="false" level="WARNING" enabled_by_default="false" />
  <inspection_tool class="RedundantThrows" enabled="false" level="WARNING" enabled_by_default="false" />
  <inspection_tool class="RedundantTypeArguments" enabled="false" level="WARNING" enabled_by_default="false" />
  <inspection_tool class="RedundantUnitReturnType" enabled="false" level="WARNING" enabled_by_default="false" />
  <inspection_tool class="RedundantVisibilityModifier" enabled="false" level="WARNING" enabled_by_default="false" />
  <inspection_tool class="ReflectionForUnavailableAnnotation" enabled="false" level="WARNING" enabled_by_default="false" />
  <inspection_tool class="RefusedBequest" enabled="false" level="WARNING" enabled_by_default="false">
    <option name="ignoreEmptySuperMethods" value="false" />
    <option name="onlyReportWhenAnnotated" value="true" />
  </inspection_tool>
  <inspection_tool class="RemoveCurlyBracesFromTemplate" enabled="false" level="WEAK WARNING" enabled_by_default="false" />
  <inspection_tool class="RemoveEmptyClassBody" enabled="false" level="INFO" enabled_by_default="false" />
  <inspection_tool class="RemoveEmptyParenthesesFromLambdaCall" enabled="false" level="INFO" enabled_by_default="false" />
  <inspection_tool class="RemoveEmptyPrimaryConstructor" enabled="false" level="WEAK WARNING" enabled_by_default="false" />
  <inspection_tool class="RemoveEmptySecondaryConstructorBody" enabled="false" level="WEAK WARNING" enabled_by_default="false" />
  <inspection_tool class="RemoveExplicitSuperQualifier" enabled="false" level="WEAK WARNING" enabled_by_default="false" />
  <inspection_tool class="RemoveExplicitTypeArguments" enabled="false" level="WEAK WARNING" enabled_by_default="false" />
  <inspection_tool class="RemoveForLoopIndices" enabled="false" level="WARNING" enabled_by_default="false" />
  <inspection_tool class="RemoveRedundantCallsOfConversionMethods" enabled="false" level="WARNING" enabled_by_default="false" />
  <inspection_tool class="RemoveRedundantSpreadOperator" enabled="false" level="WARNING" enabled_by_default="false" />
  <inspection_tool class="RemoveSetterParameterType" enabled="false" level="WARNING" enabled_by_default="false" />
  <inspection_tool class="RemoveSingleExpressionStringTemplate" enabled="false" level="WARNING" enabled_by_default="false" />
  <inspection_tool class="RemoveToStringInStringTemplate" enabled="false" level="WEAK WARNING" enabled_by_default="false" />
  <inspection_tool class="RepeatedSpace" enabled="false" enabled_by_default="false" level="WARNING" />
  <inspection_tool class="ReplaceAllDot" enabled="false" level="WARNING" enabled_by_default="false" />
  <inspection_tool class="ReplaceArrayEqualityOpWithArraysEquals" enabled="false" level="WARNING" enabled_by_default="false" />
  <inspection_tool class="ReplaceArrayOfWithLiteral" enabled="false" level="WEAK WARNING" enabled_by_default="false" />
  <inspection_tool class="ReplaceCallWithComparison" enabled="false" enabled_by_default="false" level="WEAK WARNING" />
  <inspection_tool class="ReplaceGetOrSet" enabled="false" level="INFO" enabled_by_default="false" />
  <inspection_tool class="ReplaceInefficientStreamCount" enabled="false" level="WARNING" enabled_by_default="false" />
  <inspection_tool class="ReplaceRangeToWithUntil" enabled="false" level="WEAK WARNING" enabled_by_default="false" />
  <inspection_tool class="ReplaceSingleLineLet" enabled="false" enabled_by_default="false" level="WARNING" />
  <inspection_tool class="ReplaceSizeCheckWithIsNotEmpty" enabled="false" level="WEAK WARNING" enabled_by_default="false" />
  <inspection_tool class="ReplaceSizeZeroCheckWithIsEmpty" enabled="false" level="WEAK WARNING" enabled_by_default="false" />
  <inspection_tool class="ReplaceWithOperatorAssignment" enabled="false" level="WEAK WARNING" enabled_by_default="false" />
  <inspection_tool class="RequiredAttributes" enabled="false" level="WARNING" enabled_by_default="false">
    <option name="myAdditionalRequiredHtmlAttributes" value="" />
  </inspection_tool>
  <inspection_tool class="ResourceNotFoundInspection" enabled="false" enabled_by_default="false" level="WARNING" />
  <inspection_tool class="ResourceParameter" enabled="false" level="ERROR" enabled_by_default="false" />
  <inspection_tool class="RestSignature" enabled="false" level="ERROR" enabled_by_default="false" />
  <inspection_tool class="ReturnFromFinallyBlock" enabled="false" level="WARNING" enabled_by_default="false" />
  <inspection_tool class="ReturnSeparatedFromComputation" enabled="false" level="INFORMATION" enabled_by_default="false" />
  <inspection_tool class="SafeVarargsDetector" enabled="false" level="WARNING" enabled_by_default="false" />
  <inspection_tool class="SameParameterValue" enabled="false" level="WARNING" enabled_by_default="false" />
  <inspection_tool class="SameReturnValue" enabled="false" level="WARNING" enabled_by_default="false" />
  <inspection_tool class="SecondUnsafeCall" enabled="false" level="WARNING" enabled_by_default="false" />
  <inspection_tool class="ShiftOutOfRange" enabled="false" level="WARNING" enabled_by_default="false" />
  <inspection_tool class="SignednessMismatch" enabled="false" level="WARNING" enabled_by_default="false" />
  <inspection_tool class="SillyAssignment" enabled="false" level="WARNING" enabled_by_default="false" />
  <inspection_tool class="SimplifiableBooleanExpression" enabled="false" level="WARNING" enabled_by_default="false" />
  <inspection_tool class="SimplifiableCallChain" enabled="false" level="WEAK WARNING" enabled_by_default="false" />
  <inspection_tool class="SimplifiableConditionalExpression" enabled="false" level="WARNING" enabled_by_default="false" />
  <inspection_tool class="SimplifiableIfStatement" enabled="false" level="WARNING" enabled_by_default="false" />
  <inspection_tool class="SimplifyAssertNotNull" enabled="false" level="INFO" enabled_by_default="false" />
  <inspection_tool class="SimplifyBooleanWithConstants" enabled="false" level="WEAK WARNING" enabled_by_default="false" />
  <inspection_tool class="SimplifyCollector" enabled="false" level="WARNING" enabled_by_default="false" />
  <inspection_tool class="SimplifyNegatedBinaryExpression" enabled="false" level="WEAK WARNING" enabled_by_default="false" />
  <inspection_tool class="SimplifyStreamApiCallChains" enabled="false" level="WARNING" enabled_by_default="false" />
  <inspection_tool class="SingleCharAlternation" enabled="false" enabled_by_default="false" level="WARNING" />
  <inspection_tool class="SingleElementAnnotation" enabled="false" level="INFORMATION" enabled_by_default="false" />
  <inspection_tool class="SingleStatementInBlock" enabled="false" level="INFORMATION" enabled_by_default="false" />
  <inspection_tool class="SingletonConstructor" enabled="false" level="ERROR" enabled_by_default="false" />
  <inspection_tool class="StaticInitializerReferencesSubClass" enabled="false" level="WARNING" enabled_by_default="false" />
  <inspection_tool class="StaticPseudoFunctionalStyleMethod" enabled="false" level="WARNING" enabled_by_default="false" />
  <inspection_tool class="StreamToLoop" enabled="false" level="INFORMATION" enabled_by_default="false" />
  <inspection_tool class="StringBufferReplaceableByString" enabled="false" level="WARNING" enabled_by_default="false" />
  <inspection_tool class="StringBufferReplaceableByStringBuilder" enabled="false" level="WARNING" enabled_by_default="false" />
  <inspection_tool class="StringConcatenationInLoops" enabled="false" level="WARNING" enabled_by_default="false" />
  <inspection_tool class="StringConcatenationInsideStringBufferAppend" enabled="false" level="WARNING" enabled_by_default="false" />
  <inspection_tool class="StringConstructor" enabled="false" enabled_by_default="false" level="WARNING">
    <option name="ignoreSubstringArguments" value="false" />
  </inspection_tool>
  <inspection_tool class="StringEquality" enabled="false" level="WARNING" enabled_by_default="false" />
  <inspection_tool class="StringOperationCanBeSimplified" enabled="false" level="WARNING" enabled_by_default="false" />
  <inspection_tool class="StringToString" enabled="false" enabled_by_default="false" level="WARNING" />
  <inspection_tool class="StringTokenizerDelimiter" enabled="false" level="WARNING" enabled_by_default="false" />
  <inspection_tool class="SubstringZero" enabled="false" enabled_by_default="false" level="WARNING" />
  <inspection_tool class="SuspiciousEqualsCombination" enabled="false" level="WEAK WARNING" enabled_by_default="false" />
  <inspection_tool class="SuspiciousMethodCalls" enabled="false" level="WARNING" enabled_by_default="false">
    <option name="REPORT_CONVERTIBLE_METHOD_CALLS" value="true" />
  </inspection_tool>
  <inspection_tool class="SuspiciousNameCombination" enabled="false" level="WARNING" enabled_by_default="false">
    <group names="x,width,left,right" />
    <group names="y,height,top,bottom" />
    <ignored>
      <option name="METHOD_MATCHER_CONFIG" value="java.io.PrintStream,println,java.io.PrintWriter,println,java.lang.System,identityHashCode,java.sql.PreparedStatement,set.*,java.sql.ResultSet,update.*,java.sql.SQLOutput,write.*,java.lang.Integer,compare.*,java.lang.Long,compare.*,java.lang.Short,compare,java.lang.Byte,compare,java.lang.Character,compare,java.lang.Boolean,compare,java.lang.Math,.*,java.lang.StrictMath,.*" />
    </ignored>
  </inspection_tool>
  <inspection_tool class="SuspiciousSystemArraycopy" enabled="false" level="WARNING" enabled_by_default="false" />
  <inspection_tool class="SuspiciousToArrayCall" enabled="false" level="WARNING" enabled_by_default="false" />
  <inspection_tool class="SynchronizationOnGetClass" enabled="false" level="WARNING" enabled_by_default="false" />
  <inspection_tool class="SynchronizationOnLocalVariableOrMethodParameter" enabled="false" level="WARNING" enabled_by_default="false">
    <option name="reportLocalVariables" value="true" />
    <option name="reportMethodParameters" value="true" />
  </inspection_tool>
  <inspection_tool class="SynchronizeOnNonFinalField" enabled="false" level="WARNING" enabled_by_default="false" />
  <inspection_tool class="SyntaxError" enabled="false" level="ERROR" enabled_by_default="false" />
  <inspection_tool class="TestNGDataProvider" enabled="false" enabled_by_default="false" level="WARNING" />
  <inspection_tool class="ThrowFromFinallyBlock" enabled="false" level="WARNING" enabled_by_default="false" />
  <inspection_tool class="ThrowableNotThrown" enabled="false" level="WARNING" enabled_by_default="false" />
  <inspection_tool class="ThrowablePrintedToSystemOut" enabled="false" level="WARNING" enabled_by_default="false" />
  <inspection_tool class="TrailingSpacesInProperty" enabled="false" level="WARNING" enabled_by_default="false" />
  <inspection_tool class="TrivialFunctionalExpressionUsage" enabled="false" level="WARNING" enabled_by_default="false" />
  <inspection_tool class="TrivialIf" enabled="false" level="WARNING" enabled_by_default="false" />
  <inspection_tool class="TrivialMethodReference" enabled="false" enabled_by_default="false" level="WARNING" />
  <inspection_tool class="TryFinallyCanBeTryWithResources" enabled="false" level="WARNING" enabled_by_default="false" />
  <inspection_tool class="TryStatementWithMultipleResources" enabled="false" level="INFORMATION" enabled_by_default="false" />
  <inspection_tool class="TryWithIdenticalCatches" enabled="false" level="WARNING" enabled_by_default="false" />
  <inspection_tool class="TypeCustomizer" enabled="false" level="WARNING" enabled_by_default="false" />
  <inspection_tool class="TypeParameterExtendsObject" enabled="false" level="WARNING" enabled_by_default="false" />
  <inspection_tool class="TypeParameterFindViewById" enabled="false" level="WEAK WARNING" enabled_by_default="false" />
  <inspection_tool class="TypeParameterHidesVisibleType" enabled="false" level="WARNING" enabled_by_default="false" />
  <inspection_tool class="UNCHECKED_WARNING" enabled="false" level="WARNING" enabled_by_default="false" />
  <inspection_tool class="UNUSED_IMPORT" enabled="false" level="WARNING" enabled_by_default="false" />
  <inspection_tool class="UnknownLanguage" enabled="false" level="ERROR" enabled_by_default="false" />
  <inspection_tool class="UnnecessaryBoxing" enabled="false" level="WARNING" enabled_by_default="false" />
  <inspection_tool class="UnnecessaryBreak" enabled="false" level="WARNING" enabled_by_default="false" />
  <inspection_tool class="UnnecessaryConditionalExpression" enabled="false" enabled_by_default="false" level="WARNING" />
  <inspection_tool class="UnnecessaryContinue" enabled="false" level="WARNING" enabled_by_default="false" />
  <inspection_tool class="UnnecessaryEmptyArrayUsage" enabled="false" level="WARNING" enabled_by_default="false" />
  <inspection_tool class="UnnecessaryEnumModifier" enabled="false" enabled_by_default="false" level="WARNING" />
  <inspection_tool class="UnnecessaryInitCause" enabled="false" level="WARNING" enabled_by_default="false" />
  <inspection_tool class="UnnecessaryInterfaceModifier" enabled="false" enabled_by_default="false" level="WARNING" />
  <inspection_tool class="UnnecessaryLabelOnBreakStatement" enabled="false" level="WARNING" enabled_by_default="false" />
  <inspection_tool class="UnnecessaryLabelOnContinueStatement" enabled="false" level="WARNING" enabled_by_default="false" />
  <inspection_tool class="UnnecessaryLocalVariable" enabled="false" level="WARNING" enabled_by_default="false">
    <option name="m_ignoreImmediatelyReturnedVariables" value="false" />
    <option name="m_ignoreAnnotatedVariables" value="false" />
  </inspection_tool>
  <inspection_tool class="UnnecessaryModuleDependencyInspection" enabled="false" level="WARNING" enabled_by_default="false" />
  <inspection_tool class="UnnecessaryParentheses" enabled="false" level="INFORMATION" enabled_by_default="false">
    <option name="ignoreClarifyingParentheses" value="false" />
    <option name="ignoreParenthesesOnConditionals" value="false" />
    <option name="ignoreParenthesesOnLambdaParameter" value="false" />
  </inspection_tool>
  <inspection_tool class="UnnecessaryQualifiedReference" enabled="false" level="WARNING" enabled_by_default="false" />
  <inspection_tool class="UnnecessaryReturn" enabled="false" level="WARNING" enabled_by_default="false" />
  <inspection_tool class="UnnecessarySemicolon" enabled="false" level="WARNING" enabled_by_default="false" />
  <inspection_tool class="UnnecessaryTemporaryOnConversionFromString" enabled="false" level="WARNING" enabled_by_default="false" />
  <inspection_tool class="UnnecessaryTemporaryOnConversionToString" enabled="false" level="WARNING" enabled_by_default="false" />
  <inspection_tool class="UnnecessaryUnboxing" enabled="false" level="WARNING" enabled_by_default="false" />
  <inspection_tool class="UnnecessaryVariable" enabled="false" level="WEAK WARNING" enabled_by_default="false" />
  <inspection_tool class="UnreachableCode" enabled="false" level="WARNING" enabled_by_default="false" />
  <inspection_tool class="UnresolvedPropertyKey" enabled="false" level="ERROR" enabled_by_default="false" />
  <inspection_tool class="UnresolvedReference" enabled="false" level="ERROR" enabled_by_default="false" />
  <inspection_tool class="UnsafeCastFromDynamic" enabled="false" level="INFO" enabled_by_default="false" />
  <inspection_tool class="UnusedAssignment" enabled="false" level="WARNING" enabled_by_default="false">
    <option name="REPORT_PREFIX_EXPRESSIONS" value="false" />
    <option name="REPORT_POSTFIX_EXPRESSIONS" value="true" />
    <option name="REPORT_REDUNDANT_INITIALIZER" value="true" />
  </inspection_tool>
  <inspection_tool class="UnusedEquals" enabled="false" level="WARNING" enabled_by_default="false" />
  <inspection_tool class="UnusedExpressionResult" enabled="false" level="WARNING" enabled_by_default="false" />
  <inspection_tool class="UnusedImportStatement" enabled="false" level="WARNING" enabled_by_default="false" />
  <inspection_tool class="UnusedLabel" enabled="false" level="WARNING" enabled_by_default="false" />
  <inspection_tool class="UnusedLambdaExpressionBody" enabled="false" level="WARNING" enabled_by_default="false" />
  <inspection_tool class="UnusedLocalVariable" enabled="false" level="WARNING" enabled_by_default="false" />
  <inspection_tool class="UnusedLocalization" enabled="false" level="WARNING" enabled_by_default="false" />
  <inspection_tool class="UnusedMessageFormatParameter" enabled="false" level="WARNING" enabled_by_default="false" />
  <inspection_tool class="UnusedParameter" enabled="false" level="WARNING" enabled_by_default="false" />
  <inspection_tool class="UnusedProperty" enabled="false" level="WARNING" enabled_by_default="false" />
  <inspection_tool class="UnusedReceiverParameter" enabled="false" level="WARNING" enabled_by_default="false" />
  <inspection_tool class="UnusedReturnValue" enabled="false" level="WARNING" enabled_by_default="false" />
  <inspection_tool class="UnusedSymbol" enabled="false" level="WARNING" enabled_by_default="false" />
  <inspection_tool class="UnusedValue" enabled="false" level="WARNING" enabled_by_default="false" />
  <inspection_tool class="UseBulkOperation" enabled="false" level="WARNING" enabled_by_default="false" />
  <inspection_tool class="UseExpressionBody" enabled="false" level="INFORMATION" enabled_by_default="false" />
  <inspection_tool class="UsePropertyAccessSyntax" enabled="false" level="WEAK WARNING" enabled_by_default="false" />
  <inspection_tool class="UseWithIndex" enabled="false" level="INFO" enabled_by_default="false" />
  <inspection_tool class="UselessCallOnCollection" enabled="false" level="WARNING" enabled_by_default="false" />
  <inspection_tool class="UselessCallOnNotNull" enabled="false" level="WARNING" enabled_by_default="false" />
  <inspection_tool class="ValueMayNotFitIntoReceiver" enabled="false" level="WARNING" enabled_by_default="false" />
  <inspection_tool class="VarargParameter" enabled="false" level="INFORMATION" enabled_by_default="false" />
  <inspection_tool class="WhileCanBeForeach" enabled="false" level="WARNING" enabled_by_default="false" />
  <inspection_tool class="WrapUnaryOperator" enabled="false" level="WEAK WARNING" enabled_by_default="false" />
  <inspection_tool class="WrongPackageStatement" enabled="false" level="ERROR" enabled_by_default="false" />
  <inspection_tool class="WrongPropertyKeyValueDelimiter" enabled="false" level="WEAK WARNING" enabled_by_default="false" />
  <inspection_tool class="XmlDuplicatedId" enabled="false" level="ERROR" enabled_by_default="false" />
  <inspection_tool class="XmlHighlighting" enabled="false" level="ERROR" enabled_by_default="false" />
  <inspection_tool class="XmlInvalidId" enabled="false" level="ERROR" enabled_by_default="false" />
  <inspection_tool class="XmlPathReference" enabled="false" level="ERROR" enabled_by_default="false" />
  <inspection_tool class="XmlUnboundNsPrefix" enabled="false" level="WARNING" enabled_by_default="false" />
  <inspection_tool class="XmlUnusedNamespaceDeclaration" enabled="false" level="WARNING" enabled_by_default="false" />
  <inspection_tool class="XmlWrongFileType" enabled="false" level="WARNING" enabled_by_default="false" />
  <inspection_tool class="XmlWrongRootElement" enabled="false" level="ERROR" enabled_by_default="false" />
  <inspection_tool class="dependsOnMethodTestNG" enabled="false" level="WARNING" enabled_by_default="false" />
  <inspection_tool class="groupsTestNG" enabled="false" level="WARNING" enabled_by_default="false">
    <option name="groups">
      <value>
        <list size="0" />
      </value>
    </option>
  </inspection_tool>
  <inspection_tool class="unused" enabled="false" level="WARNING" enabled_by_default="false" checkParameterExcludingHierarchy="false">
    <option name="LOCAL_VARIABLE" value="true" />
    <option name="FIELD" value="true" />
    <option name="METHOD" value="true" />
    <option name="CLASS" value="true" />
    <option name="PARAMETER" value="true" />
    <option name="REPORT_PARAMETER_FOR_PUBLIC_METHODS" value="true" />
    <option name="ADD_MAINS_TO_ENTRIES" value="true" />
    <option name="ADD_APPLET_TO_ENTRIES" value="true" />
    <option name="ADD_SERVLET_TO_ENTRIES" value="true" />
    <option name="ADD_NONJAVA_TO_ENTRIES" value="true" />
  </inspection_tool>
</profile>