<application>
  <component name="AndroidLogcatFilterHistory">
    <option name="favorites">
      <list>
        <option value="package:mine   tag=:okhttp.OkHttpClient" />
        <option value="package:mine tag=:DataCollector" />
        <option value="package:mine tag=:yangchao" />
      </list>
    </option>
    <option name="mostRecentlyUsed" value="package:mine" />
    <option name="nonFavorites">
      <list>
        <option value="package:mine" />
        <option value="package:mine  HookTrackingHelper" />
        <option value="package:mine  tag=:HookTrackingHelper" />
        <option value="package:mine  " />
        <option value="tag=:yangchao" />
        <option value="package:mine level:error " />
        <option value="package:mine   tag=:okhttp.OkHttpClient " />
        <option value="package:mine   tag=:okhttp.OkHttpClient _search" />
        <option value="package:mine   tag=:okhttp.OkHttpClient hasHardcoreActivity" />
        <option value="Map markers" />
        <option value="package:com.borderxlab.dogfood.bieyang    tag=:okhttp.OkHttpClient" />
        <option value="package:mine " />
        <option value="package:mine shuzilm" />
        <option value="tag=:yangchao " />
        <option value="package:mine   by.AnalyticsMessages" />
        <option value="package:mine   tag:by.AnalyticsMessages" />
        <option value="package:mine   api/v2/interactions" />
        <option value="package:mine  level:warn tag:System.err " />
        <option value="package:mine  level:warn " />
        <option value="package:mine  level:error " />
      </list>
    </option>
  </component>
</application>