<application>
  <component name="FindSettings">
    <option name="customScope" value="Project Files" />
    <option name="defaultScopeName" value="Project Files" />
    <option name="SEARCH_SCOPE" value="Project Files" />
    <mask>*.css</mask>
    <mask>*.html</mask>
    <mask>*.jsp</mask>
    <mask>*.properties</mask>
    <mask>*.pro</mask>
    <mask>*.arb</mask>
    <mask>*.java</mask>
    <mask>*.dart</mask>
    <mask>*.yaml</mask>
    <mask>config.gradle</mask>
    <mask>*.xml</mask>
    <mask>*Test.kt</mask>
    <mask>proguard-rules.pro</mask>
    <mask>*.kt</mask>
    <mask>*.gradle</mask>
  </component>
</application>