<application>
  <component name="NetworkInspectorViewState">
    <columns>
      <column-info name="URL" width-ratio="0.25" visible="false" />
      <column-info name="Name" width-ratio="0.24922118380062305" />
      <column-info name="Path" width-ratio="0.1" visible="false" />
      <column-info name="Host" width-ratio="0.1" visible="false" />
      <column-info name="Method" width-ratio="0.05" visible="false" />
      <column-info name="Scheme" width-ratio="0.05" visible="false" />
      <column-info name="Transport" width-ratio="0.05" visible="false" />
      <column-info name="Request Size" width-ratio="0.05" visible="false" />
      <column-info name="Size" width-ratio="0.06334371754932502" />
      <column-info name="Request Headers" width-ratio="0.05" visible="false" />
      <column-info name="Response Headers" width-ratio="0.05" visible="false" />
      <column-info name="Type" width-ratio="0.07580477673935618" />
      <column-info name="Status" width-ratio="0.06230529595015576" />
      <column-info name="Time" width-ratio="0.06438213914849429" />
      <column-info name="Request Time" width-ratio="0.05" visible="false" />
      <column-info name="Response Time" width-ratio="0.05" visible="false" />
      <column-info name="Timeline" width-ratio="0.48494288681204567" />
    </columns>
  </component>
</application>