<application>
  <component name="StudioBotSettings">
    <option name="acceptedTermsVersion" value="3" />
    <option name="contextSharingModeV2" value="AlwaysShare" />
    <option name="onboardedVersion" value="3" />
    <option name="queryHistory">
      <list>
        <historyEntry timestamp="1764039132127">I'm getting the following error while building my project. The error is: This API will be removed from the Kotlin compiler, you shouldn't use it
```
$ ./gradlew :detekt:compileKotlin
e: file:///Users/oo/WorkSpace/Compass/UrbanCompass/Compass/detekt/src/main/java/com/compass/detekt/util/PSIUtil.kt:16:37 This API will be removed from the Kotlin compiler, you shouldn't use it

```
How do I fix this?</historyEntry>
        <historyEntry timestamp="1758278721418">Explain build error: Could not find method onVariants() for arguments [com.borderxlab.bieyang.router_plugin.ByRouterPlugin$_apply_closure1@1224e75d] on extension 'androidComponents' of type com.android.build.gradle.internal.plugins.AppPlugin$ApplicationAndroidComponentsExtensionImplCompat</historyEntry>
        <historyEntry timestamp="1745543625143">dd</historyEntry>
        <historyEntry timestamp="1745543234375">联网</historyEntry>
        <historyEntry timestamp="1745543202764">hello</historyEntry>
        <historyEntry timestamp="1729840822474">No destination with ID 2131363540 is on the NavController's back stack. 这是什么原因导致的</historyEntry>
        <historyEntry timestamp="1729840813174">No destination with ID 2131363540 is on the NavController's back stack. 这是什么原因导致的</historyEntry>
        <historyEntry timestamp="1729840810636">No destination with ID 2131363540 is on the NavController's back stack. 这是什么原因导致的</historyEntry>
        <historyEntry timestamp="1729840802213">No destination with ID 2131363540 is on the NavController's back stack. 这是什么原因导致的</historyEntry>
        <historyEntry timestamp="1729653419080">用中文回答</historyEntry>
        <historyEntry timestamp="1729653390077">这样调用的回收getVisitPlan可能因为网络不通抛出异常，比较合理的通用做法是怎么做，我用的是retrofit</historyEntry>
        <historyEntry timestamp="1729653325343">suspend fun getVisitPlan(
        @Path(&quot;doctorID&quot;) doctorID: String
    ): Response&lt;VisitPlanResponse&gt;</historyEntry>
        <historyEntry timestamp="1729651623464">如果要在布局中设置如何设置</historyEntry>
        <historyEntry timestamp="1729651528603">状态栏高度一般多少dp</historyEntry>
        <historyEntry timestamp="1729651305013">状态栏文字颜色展现为黑色</historyEntry>
        <historyEntry timestamp="1729651056332">我说的是沉浸式状态栏，有刘海屏</historyEntry>
        <historyEntry timestamp="1729651008154">如何设置全屏activity</historyEntry>
        <historyEntry timestamp="1729649545569">设置屏幕常量</historyEntry>
        <historyEntry timestamp="1729648815081">给出我完整的代码，并且radiogroup中的item项是不固定的</historyEntry>
        <historyEntry timestamp="1729648748039">实现一个多行的radiogroup，每行3列</historyEntry>
        <historyEntry timestamp="1729479759385">android 使用adb wifi</historyEntry>
        <historyEntry timestamp="1729436577406">用中文回答我</historyEntry>
        <historyEntry timestamp="1729436565281">hello</historyEntry>
        <historyEntry timestamp="1729436542583">hello</historyEntry>
      </list>
    </option>
  </component>
</application>