<application>
  <component name="Trusted.Paths">
    <option name="TRUSTED_PROJECT_PATHS">
      <map>
        <entry key="$USER_HOME$/Desktop/AnhLe" value="true" />
        <entry key="$USER_HOME$/Desktop/LongTran" value="true" />
        <entry key="$USER_HOME$/Desktop/recruitment-Android-photos-homework-ChaoYang-yangchao-recruitment" value="true" />
        <entry key="$USER_HOME$/Desktop/recruitment-dev-android-photos-homework-BuiHuy-homework_buihuy" value="true" />
        <entry key="$USER_HOME$/Desktop/recruitment-dev-android-photos-homework-CaoPhuongNam-southern" value="true" />
        <entry key="$USER_HOME$/Desktop/recruitment-dev-android-photos-homework-ChinhDinhVan-feature-interview" value="true" />
        <entry key="$USER_HOME$/Desktop/recruitment-dev-android-photos-homework-HoangThan-feature-photo-screen" value="true" />
        <entry key="$USER_HOME$/Desktop/recruitment-dev-android-photos-homework-JacobFerrero-jacob-interview" value="true" />
        <entry key="$USER_HOME$/Desktop/recruitment-dev-android-photos-homework-JiashuaiChang-dev" value="true" />
        <entry key="$USER_HOME$/Desktop/recruitment-dev-android-photos-homework-KhoiVu-feature-photos-homework" value="true" />
        <entry key="$USER_HOME$/Desktop/recruitment-dev-android-photos-homework-LongDo-feature-photo" value="true" />
        <entry key="$USER_HOME$/Desktop/recruitment-dev-android-photos-homework-LongTran-feature-build-photos-app" value="true" />
        <entry key="$USER_HOME$/Desktop/recruitment-dev-android-photos-homework-PhanDinhLam-lamphan" value="true" />
        <entry key="$USER_HOME$/Desktop/recruitment-dev-android-photos-homework-QuanMac-develop" value="true" />
        <entry key="$USER_HOME$/Desktop/recruitment-dev-android-photos-homework-QuanMac-main" value="true" />
        <entry key="$USER_HOME$/Desktop/recruitment-dev-android-photos-homework-ThangNguyen-dev" value="true" />
        <entry key="$USER_HOME$/Desktop/recruitment-dev-android-photos-homework-YustarPramudana-yustar" value="true" />
        <entry key="$USER_HOME$/Desktop/recruitment-dev-android-photos-homework-template-main" value="true" />
        <entry key="$USER_HOME$/Downloads/recruitment-dev-android-photos-homework-TrungCao-solution" value="true" />
        <entry key="$USER_HOME$/Downloads/recruitment-dev-android-photos-homework-VyNguyen-dev_vy" value="true" />
        <entry key="$USER_HOME$/Downloads/recruitment-dev-android-photos-homework-template-main" value="true" />
        <entry key="$USER_HOME$/P-Space/Android/BingZhengTang" value="true" />
        <entry key="$USER_HOME$/Personal-Workspace/Android/BingZhengTang" value="true" />
        <entry key="$USER_HOME$/WorkSpace/Android/AndroidPlatformX" value="true" />
        <entry key="$USER_HOME$/WorkSpace/Android/BingZhengTang" value="true" />
        <entry key="$USER_HOME$/WorkSpace/Android/BingZhengTang-1" value="true" />
        <entry key="$USER_HOME$/WorkSpace/Android/Dhyana" value="true" />
        <entry key="$USER_HOME$/WorkSpace/Android/OoDesignSysteam" value="true" />
        <entry key="$USER_HOME$/WorkSpace/Android/Resume" value="true" />
        <entry key="$USER_HOME$/WorkSpace/Android/Training" value="true" />
        <entry key="$USER_HOME$/WorkSpace/Android/drink_water" value="true" />
        <entry key="$USER_HOME$/WorkSpace/BorderXLab/Android" value="true" />
        <entry key="$USER_HOME$/WorkSpace/BorderXLab/Bieyang" value="true" />
        <entry key="$USER_HOME$/WorkSpace/Compass/Glide" value="true" />
        <entry key="$USER_HOME$/WorkSpace/Compass/GlidePdfKit" value="true" />
        <entry key="$USER_HOME$/WorkSpace/Compass/UrbanCompass" value="true" />
        <entry key="$USER_HOME$/WorkSpace/Compass/UrbanCompass/Compass" value="true" />
        <entry key="$USER_HOME$/WorkSpace/Compass/android-design-system" value="true" />
        <entry key="$USER_HOME$/WorkSpace/Compass/kmp-compass-api" value="true" />
        <entry key="$USER_HOME$/WorkSpace/Compass/snail-kmp/snail-kmp" value="true" />
        <entry key="$USER_HOME$/WorkSpace/FAW/FawApp" value="true" />
        <entry key="$USER_HOME$/WorkSpace/FAW/MvvmTempPlugin" value="true" />
        <entry key="$USER_HOME$/WorkSpace/FAW/OneApp/4.0" value="true" />
        <entry key="$USER_HOME$/WorkSpace/FAW/PlatformPlugin" value="true" />
        <entry key="$USER_HOME$/WorkSpace/Flutter" value="true" />
        <entry key="$USER_HOME$/WorkSpace/Mib/Tez Nesie" value="true" />
        <entry key="$USER_HOME$/WorkSpace/Mib/Tez Nesie/android" value="true" />
        <entry key="$USER_HOME$/WorkSpace/Mib/Tez Nesie/tez_libs/device_info_plus/android" value="true" />
        <entry key="$USER_HOME$/WorkSpace/Telegram" value="true" />
      </map>
    </option>
  </component>
  <component name="Trusted.Paths.Settings">
    <option name="TRUSTED_PATHS">
      <list>
        <option value="$USER_HOME$/WorkSpace/Android" />
        <option value="$USER_HOME$/WorkSpace/Compass" />
      </list>
    </option>
  </component>
</application>