<application>
  <component name="DimensionService">
    <location key="WELCOME_SCREEN.0.0.3456.2234@192dpi" x="1728" y="600" />
    <location key="find.popup.-1920.37.1920.1080" x="-1180" y="197" />
    <location key="find.popup.0.0.1920.1080" x="893" y="274" />
    <location key="find.popup.0.0.3456.2234@192dpi" x="426" y="608" />
    <location key="find.popup.-1920.-94.1920.1080" x="-1027" y="180" />
    <location key="find.popup.1728.180.1920.1080" x="703" y="384" />
    <size key="GridCell.Tab.0.left.0.0.3456.2234@192dpi" width="3228" height="368" />
    <size key="GridCell.Tab.0.center.0.0.3456.2234@192dpi" width="3228" height="368" />
    <size key="GridCell.Tab.0.right.0.0.3456.2234@192dpi" width="3228" height="368" />
    <size key="GridCell.Tab.0.bottom.0.0.3456.2234@192dpi" width="3228" height="368" />
    <size key="find.popup.-1920.37.1920.1080" width="1145" height="718" />
    <size key="GridCell.Tab.0.left.-1920.37.1920.1080" width="1838" height="413" />
    <size key="GridCell.Tab.0.center.-1920.37.1920.1080" width="1838" height="413" />
    <size key="GridCell.Tab.0.right.-1920.37.1920.1080" width="1838" height="413" />
    <size key="GridCell.Tab.0.bottom.-1920.37.1920.1080" width="1838" height="413" />
    <size key="find.popup.0.0.1920.1080" width="780" height="676" />
    <size key="find.popup.0.0.3456.2234@192dpi" width="2138" height="1386" />
    <size key="GridCell.Tab.1.left.-1920.37.1920.1080" width="1578" height="230" />
    <size key="GridCell.Tab.1.center.-1920.37.1920.1080" width="1578" height="230" />
    <size key="GridCell.Tab.1.right.-1920.37.1920.1080" width="1578" height="230" />
    <size key="GridCell.Tab.1.bottom.-1920.37.1920.1080" width="1578" height="230" />
    <size key="GridCell.Tab.0.right.-1920.-94.1920.1080" width="1878" height="379" />
    <size key="GridCell.Tab.0.left.-1920.-94.1920.1080" width="1878" height="379" />
    <size key="GridCell.Tab.0.center.-1920.-94.1920.1080" width="1878" height="379" />
    <size key="GridCell.Tab.0.bottom.-1920.-94.1920.1080" width="1878" height="379" />
    <size key="GridCell.Tab.0.left.0.0.1920.1080" width="1878" height="393" />
    <size key="GridCell.Tab.0.center.0.0.1920.1080" width="1878" height="393" />
    <size key="GridCell.Tab.0.right.0.0.1920.1080" width="1878" height="393" />
    <size key="GridCell.Tab.0.bottom.0.0.1920.1080" width="1878" height="393" />
    <size key="find.popup.-1920.-94.1920.1080" width="844" height="677" />
    <size key="GridCell.Tab.0.left.1728.180.1920.1080" width="1874" height="184" />
    <size key="GridCell.Tab.0.center.1728.180.1920.1080" width="1874" height="184" />
    <size key="GridCell.Tab.0.right.1728.180.1920.1080" width="1874" height="184" />
    <size key="GridCell.Tab.0.bottom.1728.180.1920.1080" width="1874" height="184" />
    <size key="find.popup.1728.180.1920.1080" width="1025" height="733" />
    <size key="GridCell.Tab.1.left.1728.180.1920.1080" width="1874" height="184" />
    <size key="GridCell.Tab.1.center.1728.180.1920.1080" width="1874" height="184" />
    <size key="GridCell.Tab.1.right.1728.180.1920.1080" width="1874" height="184" />
    <size key="GridCell.Tab.1.bottom.1728.180.1920.1080" width="1874" height="184" />
    <size key="GridCell.Tab.5.left.1728.180.1920.1080" width="1876" height="301" />
    <size key="GridCell.Tab.5.center.1728.180.1920.1080" width="1876" height="301" />
    <size key="GridCell.Tab.5.right.1728.180.1920.1080" width="1876" height="301" />
    <size key="GridCell.Tab.5.bottom.1728.180.1920.1080" width="1876" height="301" />
    <size key="GridCell.Tab.2.left.1728.180.1920.1080" width="1874" height="184" />
    <size key="GridCell.Tab.2.center.1728.180.1920.1080" width="1874" height="184" />
    <size key="GridCell.Tab.2.right.1728.180.1920.1080" width="1874" height="184" />
    <size key="GridCell.Tab.2.bottom.1728.180.1920.1080" width="1874" height="184" />
    <size key="GridCell.Tab.1.left.0.0.3456.2234@192dpi" width="3228" height="368" />
    <size key="GridCell.Tab.1.center.0.0.3456.2234@192dpi" width="3228" height="368" />
    <size key="GridCell.Tab.1.right.0.0.3456.2234@192dpi" width="3228" height="368" />
    <size key="GridCell.Tab.1.bottom.0.0.3456.2234@192dpi" width="3228" height="368" />
    <size key="GridCell.Tab.2.left.0.0.3456.2234@192dpi" width="3228" height="368" />
    <size key="GridCell.Tab.2.center.0.0.3456.2234@192dpi" width="3228" height="368" />
    <size key="GridCell.Tab.2.right.0.0.3456.2234@192dpi" width="3228" height="368" />
    <size key="GridCell.Tab.2.bottom.0.0.3456.2234@192dpi" width="3228" height="368" />
  </component>
  <component name="WindowManager">
    <frame x="199" y="77" width="1400" height="1000" />
  </component>
  <component name="WindowStateApplicationService">
    <state width="736" height="630" key="ShowUsagesActions.dimensionServiceKey" timestamp="1767163423470">
      <screen x="70" y="38" width="1658" height="1079" />
    </state>
    <state width="694" height="630" key="ShowUsagesActions.dimensionServiceKey/60.38.1668.1079/1728.205.1920.1055" timestamp="1764845460370" />
    <state width="675" height="399" key="ShowUsagesActions.dimensionServiceKey/62.38.1666.1079/1728.205.1920.1055" timestamp="1764911831216" />
    <state width="792" height="650" key="ShowUsagesActions.dimensionServiceKey/66.38.1662.1079/1728.205.1920.1055" timestamp="1767085361848" />
    <state width="615" height="655" key="ShowUsagesActions.dimensionServiceKey/68.38.1660.1079/1728.205.1920.1055" timestamp="1767118516679" />
    <state width="635" height="655" key="ShowUsagesActions.dimensionServiceKey/70.38.1658.1079" timestamp="1763624531631" />
    <state width="736" height="630" key="ShowUsagesActions.dimensionServiceKey/70.38.1658.1079/1728.205.1920.1055" timestamp="1767163423470" />
    <state x="899" y="508" width="800" height="665" key="WELCOME_SCREEN" timestamp="1767242735168">
      <screen x="70" y="38" width="1658" height="1079" />
    </state>
    <state x="896" y="508" width="801" height="665" key="WELCOME_SCREEN/66.38.1662.1079/1728.205.1920.1055" timestamp="1767234171568" />
    <state x="1001" y="487" width="800" height="665" key="WELCOME_SCREEN/68.25.1852.1055" timestamp="1762267328567" />
    <state x="898" y="508" width="800" height="665" key="WELCOME_SCREEN/68.38.1660.1079/1728.205.1920.1055" timestamp="1767090013267" />
    <state x="899" y="508" width="800" height="665" key="WELCOME_SCREEN/70.38.1658.1079" timestamp="1767242735168" />
    <state x="896" y="508" width="801" height="665" key="WELCOME_SCREEN/70.38.1658.1079/1728.205.1920.1055" timestamp="1767234247189" />
    <state width="299" height="509" key="manage.recent.projects.popup" timestamp="1761796924629">
      <screen x="70" y="38" width="1658" height="1079" />
    </state>
    <state width="299" height="509" key="manage.recent.projects.popup/70.38.1658.1079/1728.205.1920.1055" timestamp="1761796924629" />
  </component>
</application>